context,person_boxes,frames_with_people,front_boxes,front_left_boxes,front_right_boxes,side_left_boxes,side_right_boxes
10017090168044687777_6380_000_6400_000,0,0,0,0,0,0,0
10023947602400723454_1120_000_1140_000,7724,779,3871,1440,817,1596,0
1005081002024129653_5313_150_5333_150,334,133,272,0,33,0,29
10061305430875486848_1080_000_1100_000,163,163,109,47,0,7,0
10072140764565668044_4060_000_4080_000,3352,669,1281,1423,546,0,102
10072231702153043603_5725_000_5745_000,309,166,97,0,141,0,71
10075870402459732738_1060_000_1080_000,257,186,0,145,17,82,13
10082223140073588526_6140_000_6160_000,905,482,539,220,89,47,10
10094743350625019937_3420_000_3440_000,191,191,0,168,0,23,0
10096619443888687526_2820_000_2840_000,52,52,0,39,0,13,0
10107710434105775874_760_000_780_000,0,0,0,0,0,0,0
10153695247769592104_787_000_807_000,0,0,0,0,0,0,0
10206293520369375008_2796_800_2816_800,176,93,78,0,76,0,22
10212406498497081993_5300_000_5320_000,1098,465,751,208,50,67,22
1022527355599519580_4866_960_4886_960,13281,871,1790,790,4024,401,6276
10226164909075980558_180_000_200_000,2967,629,1546,1010,126,210,75
10231929575853664160_1160_000_1180_000,4433,696,1912,573,685,661,602
10235335145367115211_5420_000_5440_000,824,428,218,263,93,39,211
10241508783381919015_2889_360_2909_360,1308,541,440,443,159,166,100
10275144660749673822_5755_561_5775_561,144,96,59,0,71,0,14
10327752107000040525_1120_000_1140_000,0,0,0,0,0,0,0
10391312872392849784_4099_400_4119_400,279,182,73,42,97,0,67
10444454289801298640_4360_000_4380_000,4518,767,2750,368,739,228,433
10455472356147194054_1560_000_1580_000,6918,980,711,1591,2595,1236,785
10485926982439064520_4980_000_5000_000,16677,960,6546,4375,3452,1837,467
10498013744573185290_1240_000_1260_000,9294,875,3059,929,2407,673,2226
10500357041547037089_1474_800_1494_800,960,557,196,277,0,487,0
10517728057304349900_3360_000_3380_000,243,169,0,164,0,79,0
1051897962568538022_238_170_258_170,169,115,155,0,10,0,4
10526338824408452410_5714_660_5734_660,443,168,108,147,0,188,0
10584247114982259878_490_000_510_000,96,96,0,96,0,0,0
10588771936253546636_2300_000_2320_000,702,354,459,132,0,111,0
10596949720463106554_1933_530_1953_530,50,41,0,0,28,0,22
10599748131695282446_1380_000_1400_000,6436,966,2947,2052,556,280,601
10625026498155904401_200_000_220_000,460,282,198,26,63,146,27
10664823084372323928_4360_000_4380_000,12867,870,4163,6092,978,1361,273
10676267326664322837_311_180_331_180,105,105,41,48,0,16,0
10723911392655396041_860_000_880_000,8196,961,1775,511,2455,177,3278
10724020115992582208_7660_400_7680_400,264,161,36,0,144,0,84
10734565072045778791_440_000_460_000,1312,482,273,251,270,164,354
10750135302241325253_180_000_200_000,455,362,160,100,76,45,74
10770759614217273359_1465_000_1485_000,0,0,0,0,0,0,0
10786629299947667143_3440_000_3460_000,150,105,0,9,65,17,59
10793018113277660068_2714_540_2734_540,200,200,157,34,0,9,0
1083056852838271990_4080_000_4100_000,360,264,106,0,54,145,55
10876852935525353526_1640_000_1660_000,1661,575,632,715,85,216,13
10923963890428322967_1445_000_1465_000,0,0,0,0,0,0,0
10927752430968246422_4940_000_4960_000,747,315,600,12,30,98,7
10940952441434390507_1888_710_1908_710,0,0,0,0,0,0,0
10963653239323173269_1924_000_1944_000,1762,686,872,266,215,179,230
10964956617027590844_1584_680_1604_680,276,152,94,0,95,0,87
10975280749486260148_940_000_960_000,0,0,0,0,0,0,0
11004685739714500220_2300_000_2320_000,1700,469,250,89,1023,126,212
11017034898130016754_697_830_717_830,162,106,53,22,66,12,9
11060291335850384275_3761_210_3781_210,71,71,42,0,29,0,0
11070802577416161387_740_000_760_000,10634,927,7395,1243,1463,257,276
11076364019363412893_1711_000_1731_000,0,0,0,0,0,0,0
11113047206980595400_2560_000_2580_000,9088,725,6927,1450,61,450,200
11119453952284076633_1369_940_1389_940,101,97,65,0,0,0,36
11126313430116606120_1439_990_1459_990,352,201,186,130,19,0,17
11139647661584646830_5470_000_5490_000,0,0,0,0,0,0,0
11183906854663518829_2294_000_2314_000,78,78,0,78,0,0,0
11199484219241918646_2810_030_2830_030,42,42,0,42,0,0,0
11219370372259322863_5320_000_5340_000,612,380,37,152,126,231,66
11236550977973464715_3620_000_3640_000,17718,995,6897,1578,3584,4474,1185
11252086830380107152_1540_000_1560_000,15821,990,5707,6217,2173,1008,716
11318901554551149504_520_000_540_000,5282,982,2337,1070,871,684,320
11343624116265195592_5910_530_5930_530,367,306,171,0,159,15,22
11355519273066561009_5323_000_5343_000,0,0,0,0,0,0,0
11379226583756500423_6230_810_6250_810,887,268,157,0,432,0,298
11388947676680954806_5427_320_5447_320,1861,484,1208,16,317,0,320
11392401368700458296_1086_429_1106_429,63,39,0,0,0,0,63
11454085070345530663_1905_000_1925_000,44,44,0,0,0,44,0
1146261869236413282_1680_000_1700_000,3883,680,1983,1289,227,316,68
11486225968269855324_92_000_112_000,278,206,9,133,66,57,13
11489533038039664633_4820_000_4840_000,933,474,433,125,160,89,126
11566385337103696871_5740_000_5760_000,274,145,0,0,3,0,271
11588853832866011756_2184_462_2204_462,262,61,50,140,0,72,0
11623618970700582562_2840_367_2860_367,0,0,0,0,0,0,0
11674150664140226235_680_000_700_000,5718,800,2586,944,1543,4,641
11718898130355901268_2300_000_2320_000,7786,781,2976,2052,808,1772,178
1172406780360799916_1660_000_1680_000,256,160,249,7,0,0,0
11799592541704458019_9828_750_9848_750,625,372,418,21,117,17,52
11839652018869852123_2565_000_2585_000,0,0,0,0,0,0,0
11846396154240966170_3540_000_3560_000,2219,638,588,319,248,487,577
11847506886204460250_1640_000_1660_000,4933,896,2804,399,775,199,756
1191788760630624072_3880_000_3900_000,0,0,0,0,0,0,0
11918003324473417938_1400_000_1420_000,531,297,387,92,52,0,0
11925224148023145510_1040_000_1060_000,10261,989,5012,1662,1617,1196,774
11928449532664718059_1200_000_1220_000,8988,836,2824,1895,1633,1419,1217
11940460932056521663_1760_000_1780_000,5676,851,3435,690,412,780,359
11967272535264406807_580_000_600_000,8275,808,3545,1717,2604,79,330
11971497357570544465_1200_000_1220_000,4654,560,1842,2124,597,83,8
12012663867578114640_820_000_840_000,1695,732,844,258,159,322,112
12027892938363296829_4086_280_4106_280,2913,747,1700,608,158,294,153
1208303279778032257_1360_000_1380_000,117,92,0,0,8,0,109
12161824480686739258_1813_380_1833_380,92,92,84,0,6,0,2
12174529769287588121_3848_440_3868_440,9654,376,1253,5473,0,2928,0
12179768245749640056_5561_070_5581_070,378,155,136,158,0,84,0
12200383401366682847_2552_140_2572_140,240,125,0,17,0,0,223
12208410199966712301_4480_000_4500_000,260,182,121,95,0,44,0
12212767626682531382_2100_150_2120_150,367,259,0,0,257,0,110
12251442326766052580_1840_000_1860_000,8787,838,5418,893,1290,647,539
12257951615341726923_2196_690_2216_690,904,518,387,84,79,91,263
12273083120751993429_7285_000_7305_000,0,0,0,0,0,0,0
12281202743097872109_3387_370_3407_370,0,0,0,0,0,0,0
12303641360375776820_4378_000_4398_000,0,0,0,0,0,0,0
12304907743194762419_1522_000_1542_000,210,178,0,0,0,0,210
1231623110026745648_480_000_500_000,1028,731,92,189,373,126,248
12321865437129862911_3480_000_3500_000,14635,995,4870,2535,2771,1740,2719
12337317986514501583_5346_260_5366_260,4578,620,1195,1340,129,1866,48
12339284075576056695_1920_000_1940_000,8451,777,5347,1183,1591,61,269
12365808668068790137_2920_000_2940_000,361,254,281,0,47,0,33
12473470522729755785_4000_000_4020_000,272,174,64,180,14,0,14
12505030131868863688_1740_000_1760_000,11073,990,3598,3520,1334,1696,925
12511696717465549299_4209_630_4229_630,2122,765,0,445,362,894,421
12551320916264703416_1420_000_1440_000,9396,971,6314,1411,941,366,364
1255991971750044803_1700_000_1720_000,10604,714,5768,1509,3165,0,162
12566399510596872945_2078_320_2098_320,4039,634,3018,474,485,0,62
12581809607914381746_1219_547_1239_547,856,345,644,113,67,29,3
1265122081809781363_2879_530_2899_530,684,390,182,0,278,94,130
12681651284932598380_3585_280_3605_280,146,146,121,0,8,0,17
12844373518178303651_2140_000_2160_000,287,187,211,49,19,5,3
12848519977617081063_2488_000_2508_000,0,0,0,0,0,0,0
12856053589272984699_1020_000_1040_000,273,273,109,44,0,120,0
12858738411692807959_2865_000_2885_000,573,314,235,89,120,67,62
12879640240483815315_5852_605_5872_605,0,0,0,0,0,0,0
12894036666871194216_787_000_807_000,659,356,65,29,0,96,469
12896629105712361308_4520_000_4540_000,11483,790,6422,2037,2149,0,875
12900898236728415654_1906_686_1926_686,11,11,0,0,0,11,0
12956664801249730713_2840_000_2860_000,8840,884,3065,1546,2066,1288,875
12974838039736660070_4586_990_4606_990,178,82,3,91,0,84,0
12979718722917614085_1039_490_1059_490,667,506,254,71,74,151,117
12988666890418932775_5516_730_5536_730,0,0,0,0,0,0,0
13005562150845909564_3141_360_3161_360,63,63,0,34,0,12,17
13033853066564892960_1040_000_1060_000,146,146,123,0,0,23,0
1305342127382455702_3720_000_3740_000,837,587,143,0,356,144,194
1306458236359471795_2524_330_2544_330,0,0,0,0,0,0,0
13078892192456386060_2960_000_2980_000,6167,968,2389,441,1721,448,1168
13085453465864374565_2040_000_2060_000,275,275,88,30,82,75,0
13142190313715360621_3888_090_3908_090,522,273,66,183,0,273,0
13145971249179441231_1640_000_1660_000,2512,505,2077,48,295,0,92
13177337129001451839_9160_000_9180_000,23,23,0,0,0,0,23
13181198025433053194_2620_770_2640_770,45,22,0,0,0,0,45
13182548552824592684_4160_250_4180_250,3444,667,775,435,718,141,1375
13186511704021307558_2000_000_2020_000,1162,386,716,240,16,178,12
13196796799137805454_3036_940_3056_940,378,131,0,0,204,0,174
13207915841618107559_2980_000_3000_000,589,307,480,0,68,0,41
13238419657658219864_4630_850_4650_850,393,227,301,24,16,50,2
13254498462985394788_980_000_1000_000,6408,689,4207,571,290,893,447
13258835835415292197_965_000_985_000,749,342,174,288,0,287,0
13271285919570645382_5320_000_5340_000,3214,823,1424,961,212,578,39
13310437789759009684_2645_000_2665_000,0,0,0,0,0,0,0
13355317306876751663_2200_000_2220_000,386,266,232,34,35,50,35
13363977648531075793_343_000_363_000,0,0,0,0,0,0,0
13390791323468600062_6718_570_6738_570,0,0,0,0,0,0,0
13402473631986525162_5700_000_5720_000,12731,919,6250,1595,1027,1305,2554
13476374534576730229_240_000_260_000,0,0,0,0,0,0,0
13506499849906169066_120_000_140_000,2315,775,961,217,363,568,206
13517115297021862252_2680_000_2700_000,12,12,0,0,0,0,12
13519445614718437933_4060_000_4080_000,1062,338,771,22,135,43,91
1352150727715827110_3710_250_3730_250,208,182,91,84,0,33,0
1357883579772440606_2365_000_2385_000,0,0,0,0,0,0,0
13585809231635721258_1910_770_1930_770,38,38,0,38,0,0,0
13619063687271391084_1519_680_1539_680,940,464,423,161,108,81,167
13622747960068272448_1678_930_1698_930,0,0,0,0,0,0,0
13629997314951696814_1207_000_1227_000,226,199,226,0,0,0,0
13667377240304615855_500_000_520_000,0,0,0,0,0,0,0
13679757109245957439_4167_170_4187_170,157,157,91,36,10,15,5
13731697468004921673_4920_000_4940_000,11570,965,4394,3477,1027,1744,928
13807633218762107566_6625_000_6645_000,0,0,0,0,0,0,0
13823509240483976870_1514_190_1534_190,471,173,0,0,109,55,307
1382515516588059826_780_000_800_000,5571,878,1229,1583,1465,1108,186
13830510593707564159_5575_000_5595_000,0,0,0,0,0,0,0
13840133134545942567_1060_000_1080_000,9532,974,2531,2401,906,1650,2044
13862220583747475906_1260_000_1280_000,8670,919,4276,1425,1410,602,957
13909033332341079321_4007_930_4027_930,33,19,0,0,0,16,17
13940755514149579648_821_157_841_157,176,109,0,62,76,0,38
13944915979337652825_4260_668_4280_668,451,294,235,74,51,17,74
13965460994524880649_2842_050_2862_050,114,69,11,0,79,0,24
13984577671034960830_4545_000_4565_000,0,0,0,0,0,0,0
14004546003548947884_2331_861_2351_861,203,203,124,0,60,0,19
14018515129165961775_483_260_503_260,1121,283,844,0,160,0,117
14073491244121877213_4066_056_4086_056,41,41,0,29,0,12,0
14073578965827700743_1564_000_1584_000,362,205,0,0,248,0,114
14076089808269682731_54_730_74_730,8476,509,1793,5638,122,876,47
14098575914252965554_511_000_531_000,0,0,0,0,0,0,0
14098605172844003779_5084_630_5104_630,0,0,0,0,0,0,0
14106113060128637865_1200_000_1220_000,36,22,0,0,0,36,0
141184560845819621_10582_560_10602_560,985,394,604,136,107,112,26
14133920963894906769_1480_000_1500_000,5203,921,2337,1750,424,296,396
14143054494855609923_4529_100_4549_100,1562,313,1192,33,250,0,87
1416654423768444853_2660_000_2680_000,21,15,0,0,0,21,0
14183710428479823719_3140_000_3160_000,1769,419,1547,125,29,55,13
14193044537086402364_534_000_554_000,6,6,0,0,0,0,6
1422926405879888210_51_310_71_310,224,152,118,0,57,0,49
14233522945839943589_100_000_120_000,1074,323,608,170,43,0,253
14250544550818363063_880_000_900_000,206,206,22,47,73,54,10
14276116893664145886_1785_080_1805_080,332,97,207,11,50,0,64
1432918953215186312_5101_320_5121_320,586,345,225,163,37,69,92
14348136031422182645_3360_000_3380_000,0,0,0,0,0,0,0
14358192009676582448_3396_400_3416_400,531,221,88,51,227,72,93
14369250836076988112_7249_040_7269_040,949,238,480,0,93,0,376
14388269713149187289_1994_280_2014_280,505,288,76,213,0,216,0
14424804287031718399_1281_030_1301_030,300,91,82,177,0,41,0
1442753028323350651_4065_000_4085_000,0,0,0,0,0,0,0
14430914081327266277_6480_000_6500_000,119,119,119,0,0,0,0
14466332043440571514_6530_560_6550_560,426,167,0,110,0,316,0
14479353969865741728_2340_000_2360_000,31,31,0,31,0,0,0
14503113925613619599_975_506_995_506,177,161,84,0,63,0,30
14561791273891593514_2558_030_2578_030,91,91,64,0,10,13,4
14619874262915043759_2801_090_2821_090,782,220,380,53,220,12,117
14705303724557273004_3105_000_3125_000,293,159,0,180,0,113,0
14734824171146590110_880_000_900_000,0,0,0,0,0,0,0
1473681173028010305_1780_000_1800_000,302,198,259,0,18,18,7
14742731916935095621_1325_000_1345_000,98,98,0,0,76,0,22
14752341928540512649_4960_000_4980_000,209,141,160,49,0,0,0
14753089714893635383_873_600_893_600,697,351,0,335,330,0,32
14763701469114129880_2260_000_2280_000,357,166,263,0,62,0,32
14766384747691229841_6315_730_6335_730,766,214,616,102,0,48,0
14777753086917826209_4147_000_4167_000,0,0,0,0,0,0,0
14791260641858988448_1018_000_1038_000,1033,508,392,286,97,191,67
14810689888487451189_720_000_740_000,9676,897,4774,936,1622,984,1360
14818835630668820137_1780_000_1800_000,4276,710,2209,830,506,411,320
14824622621331930560_2395_420_2415_420,334,198,89,24,6,24,191
14830022845193837364_3488_060_3508_060,244,230,191,53,0,0,0
14869732972903148657_2420_000_2440_000,193,187,91,14,47,21,20
14940138913070850675_5755_330_5775_330,2105,750,738,171,549,263,384
14964131310266936779_3292_850_3312_850,4139,697,1291,105,1049,224,1470
14964691552976940738_2219_229_2239_229,379,379,83,161,99,21,15
15036582848618865396_3752_830_3772_830,413,242,208,164,22,0,19
15053781258223091665_3192_117_3212_117,52,27,0,37,0,15,0
15062351272945542584_5921_360_5941_360,542,200,376,116,0,50,0
15090871771939393635_1266_320_1286_320,1256,184,0,1109,0,147,0
15125792363972595336_4960_000_4980_000,8059,964,5211,945,563,706,634
15166409572599113654_808_000_828_000,160,127,101,14,17,6,22
15202102284304593700_1900_000_1920_000,3507,782,2006,480,432,329,260
15221704733958986648_1400_000_1420_000,93,93,0,50,0,13,30
15241656472211725662_2500_000_2520_000,0,0,0,0,0,0,0
15265053588821562107_60_000_80_000,3262,597,1295,1768,0,199,0
15266427834976906738_1620_000_1640_000,19668,940,8719,2976,2857,3329,1787
15270638100874320175_2720_000_2740_000,0,0,0,0,0,0,0
15308653868652290306_460_000_480_000,87,87,87,0,0,0,0
15331851695963211598_1620_000_1640_000,6758,789,5235,99,625,407,392
15342828002152531464_1543_000_1563_000,69,69,0,0,45,0,24
15349503153813328111_2160_000_2180_000,279,147,156,0,99,0,24
15365821471737026848_1160_000_1180_000,149,117,107,0,28,0,14
15367782110311024266_2103_310_2123_310,0,0,0,0,0,0,0
15374821596407640257_3388_480_3408_480,353,161,48,220,0,85,0
15379350264706417068_3120_000_3140_000,3992,634,2146,49,1269,386,142
15445436653637630344_3957_561_3977_561,151,151,151,0,0,0,0
15448466074775525292_2920_000_2940_000,17144,886,3394,2325,4465,1558,5402
15458436361042752328_3549_030_3569_030,478,194,250,0,228,0,0
15482064737890453610_5180_000_5200_000,4654,960,1899,738,654,657,706
15533468984793020049_800_000_820_000,1601,484,1275,90,0,236,0
15535062863944567958_1100_000_1120_000,8893,962,3105,718,1552,1969,1549
15539619898625779290_760_000_780_000,810,525,362,41,290,32,85
15550613280008674010_1780_000_1800_000,432,357,264,168,0,0,0
15578655130939579324_620_000_640_000,760,354,580,0,7,152,21
15628918650068847391_8077_670_8097_670,694,295,581,15,50,23,25
15644354861949427452_3645_350_3665_350,199,131,0,63,36,51,49
15646511153936256674_1620_000_1640_000,11031,975,5684,512,2319,454,2062
15696964848687303249_4615_200_4635_200,973,687,160,153,87,404,169
15717839202171538526_1124_920_1144_920,70,70,0,0,55,0,15
15787777881771177481_8820_000_8840_000,1190,540,585,105,134,250,116
15795616688853411272_1245_000_1265_000,0,0,0,0,0,0,0
15803855782190483017_1060_000_1080_000,0,0,0,0,0,0,0
15832924468527961_1564_160_1584_160,373,168,64,208,0,89,12
15834329472172048691_2956_760_2976_760,1565,369,1090,82,38,6,349
15844593126368860820_3260_000_3280_000,6154,939,1863,2467,883,500,441
15857303257471811288_1840_000_1860_000,9440,995,1142,2651,682,3670,1295
15868625208244306149_4340_000_4360_000,88,88,24,64,0,0,0
15882343134097151256_4820_000_4840_000,5966,787,3660,994,278,552,482
15903184480576180688_3160_000_3180_000,6559,888,4769,543,541,358,348
15903544160717261009_3961_870_3981_870,184,90,95,0,42,0,47
15942468615931009553_1243_190_1263_190,1371,395,350,140,283,312,286
15943938987133888575_2767_300_2787_300,42,42,0,4,0,38,0
16034875274658204340_240_000_260_000,3943,680,1687,867,372,583,434
16042842363202855955_265_000_285_000,589,282,54,103,160,76,196
16042886962142359737_1060_000_1080_000,9901,981,4606,2021,1217,1059,998
1605912288178321742_451_000_471_000,136,136,66,27,21,14,8
16080705915014211452_620_000_640_000,667,522,65,159,104,32,307
16087604685956889409_40_000_60_000,1507,593,556,187,473,291,0
16093022852977039323_2981_100_3001_100,183,98,0,1,0,0,182
16102220208346880_1420_000_1440_000,274,199,195,0,31,27,21
16105359875195888139_4420_000_4440_000,203,179,136,27,21,10,9
16121633832852116614_240_000_260_000,1201,470,453,36,228,188,296
16153607877566142572_2262_000_2282_000,903,696,111,307,261,224,0
16191439239940794174_2245_000_2265_000,453,306,102,6,159,34,152
16202688197024602345_3818_820_3838_820,34,17,0,0,0,0,34
16208935658045135756_4412_730_4432_730,440,196,24,371,45,0,0
16224018017168210482_6353_500_6373_500,455,244,368,0,25,47,15
16238753252899859750_1340_000_1360_000,302,249,153,117,23,0,9
16262849101474060261_3459_585_3479_585,143,143,139,0,0,0,4
16331619444570993520_1020_000_1040_000,5459,770,2753,705,323,1145,533
16336545122307923741_486_637_506_637,111,105,66,0,0,45,0
16341778301681295961_178_800_198_800,419,236,382,0,0,0,37
16345319168590318167_1420_000_1440_000,0,0,0,0,0,0,0
16372013171456210875_5631_040_5651_040,1225,373,532,498,4,191,0
16388696051060074747_140_000_160_000,55,34,0,0,0,20,35
16403578704435467513_5133_870_5153_870,203,131,0,0,72,0,131
16435050660165962165_3635_310_3655_310,509,272,171,0,338,0,0
16470190748368943792_4369_490_4389_490,130,122,33,32,42,23,0
16473613811052081539_1060_000_1080_000,2511,617,1175,735,42,495,64
16485056021060230344_1576_741_1596_741,299,143,207,0,72,0,20
16504318334867223853_480_000_500_000,1888,693,720,292,396,164,316
16511546224219511043_6226_000_6246_000,0,0,0,0,0,0,0
16534202648288984983_900_000_920_000,3307,669,597,1202,363,934,211
16552287303455735122_7587_380_7607_380,399,192,196,0,120,0,83
16561295363965082313_3720_000_3740_000,5458,791,3207,298,1154,257,542
16578409328451172992_3780_000_3800_000,9081,840,5148,2476,715,607,135
16600468011801266684_1500_000_1520_000,7685,862,5426,963,315,626,355
16608525782988721413_100_000_120_000,133,133,43,56,18,16,0
16625429321676352815_1543_860_1563_860,351,187,301,35,10,0,5
16646360389507147817_3320_000_3340_000,0,0,0,0,0,0,0
16646502593577530501_4878_080_4898_080,208,138,172,0,25,0,11
16651261238721788858_2365_000_2385_000,0,0,0,0,0,0,0
16652690380969095006_2580_000_2600_000,1005,531,487,161,119,50,188
16676202516797441395_2460_000_2480_000,0,0,0,0,0,0,0
16676683078119047936_300_000_320_000,79,79,0,49,0,30,0
16735938448970076374_1126_430_1146_430,191,162,124,41,0,26,0
16793466851577046940_2800_000_2820_000,11164,977,5079,3239,1443,711,692
16797668128356194527_2430_390_2450_390,62,62,26,0,36,0,0
16801666784196221098_2480_000_2500_000,185,155,98,17,0,9,61
16873108320324977627_780_000_800_000,9689,830,5109,3209,539,635,197
16911037681440249335_700_000_720_000,52,52,22,23,0,7,0
169115044301335945_480_000_500_000,9281,884,2796,2607,532,2562,784
16951470340360921766_2840_000_2860_000,19742,995,7286,2806,3755,2603,3292
16977844994272847523_2140_000_2160_000,7702,853,2801,2448,295,2013,145
17066133495361694802_1220_000_1240_000,8348,897,3467,1216,1111,1422,1132
17144150788361379549_2720_000_2740_000,634,346,102,34,190,126,182
17159836069183024120_640_000_660_000,24291,995,11158,5803,5343,438,1549
17160696560226550358_6229_820_6249_820,366,196,221,52,19,43,31
17216329305659006368_4800_000_4820_000,133,133,133,0,0,0,0
17270469718624587995_5202_030_5222_030,286,129,170,47,28,41,0
17295069199227237940_3160_000_3180_000,0,0,0,0,0,0,0
1730266523558914470_305_260_325_260,825,471,340,0,126,269,90
17330200445788773877_2700_000_2720_000,389,108,0,0,0,0,389
17342274091983078806_80_000_100_000,1690,594,668,345,0,677,0
17356174167372765800_1720_000_1740_000,0,0,0,0,0,0,0
17364342162691622478_780_000_800_000,1216,528,722,129,116,49,200
1737018592744049492_1960_000_1980_000,614,284,529,42,20,14,9
17386176497741125938_2180_000_2200_000,4266,824,1099,736,449,1232,750
17386718718413812426_1763_140_1783_140,0,0,0,0,0,0,0
17388121177218499911_2520_000_2540_000,6209,847,3808,665,847,271,618
17407069523496279950_4354_900_4374_900,2266,325,693,737,703,108,25
17437352085580560526_2120_000_2140_000,378,200,362,0,0,0,16
17547795428359040137_5056_070_5076_070,2404,527,1416,48,480,34,426
17552108427312284959_3200_000_3220_000,2622,766,994,613,254,487,274
17564868480517233150_3643_000_3663_000,211,211,80,0,111,0,20
175830748773502782_1580_000_1600_000,373,263,258,22,45,19,29
1758724094753801109_1251_037_1271_037,273,171,0,0,158,0,115
17597174721305220109_178_000_198_000,626,235,0,0,37,0,589
17601040886987343289_472_000_492_000,8,8,0,8,0,0,0
17642771458376274038_2080_000_2100_000,0,0,0,0,0,0,0
17647858901077503501_1500_000_1520_000,12374,958,6364,1367,1613,1342,1688
17674974223808194792_8787_692_8807_692,821,285,722,0,42,17,40
17677899007099302421_5911_000_5931_000,0,0,0,0,0,0,0
1773696223367475365_1060_000_1080_000,199,199,199,0,0,0,0
17750787536486427868_560_000_580_000,4599,817,1936,1167,587,547,362
17752423643206316420_920_850_940_850,1319,606,518,193,293,100,215
17759280403078053118_6060_580_6080_580,80,62,0,25,16,0,39
17761959194352517553_5448_420_5468_420,177,177,146,15,0,16,0
17778522338768131809_5920_000_5940_000,93,93,46,26,0,21,0
17782258508241656695_1354_000_1374_000,0,0,0,0,0,0,0
17790754307864212354_1520_000_1540_000,9394,931,4635,1803,1148,1351,457
17792522237954398691_2698_000_2718_000,0,0,0,0,0,0,0
17818548625922145895_1372_430_1392_430,111,111,17,0,0,0,94
17850487901509155700_9065_000_9085_000,543,222,0,268,20,241,14
17874036087982478403_733_674_753_674,0,0,0,0,0,0,0
17885096890374683162_755_580_775_580,1383,433,559,231,328,0,265
17902907331132202998_1564_000_1584_000,213,213,69,56,10,29,49
17912777897400903477_2047_500_2067_500,649,240,238,0,185,22,204
17941839888833418904_1240_000_1260_000,976,298,634,194,37,84,27
17958696356648515477_1660_000_1680_000,7467,990,3677,1209,1181,443,957
17959337482465423746_2840_000_2860_000,751,307,642,0,52,57,0
17987556068410436875_520_610_540_610,413,167,221,0,109,0,83
17993467596234560701_4940_000_4960_000,10799,969,4807,1253,1180,1693,1866
1800857743596232165_1500_000_1520_000,3863,704,1767,963,77,706,350
18025338595059503802_571_216_591_216,595,480,170,0,237,0,188
18068531698704694137_920_000_940_000,0,0,0,0,0,0,0
18096167044602516316_2360_000_2380_000,12984,962,4084,2820,2305,1219,2556
18111897798871103675_320_000_340_000,813,368,522,83,43,147,18
18136695827203527782_2860_000_2880_000,5843,871,2008,1579,842,893,521
18141076662151909970_2755_710_2775_710,235,235,191,0,22,22,0
18233614482685846350_7060_000_7080_000,426,265,0,249,0,177,0
18244334282518155052_2360_000_2380_000,3123,702,991,842,654,481,155
18286677872269962604_3520_000_3540_000,1836,313,1242,344,0,241,9
18295766828140813622_6775_000_6795_000,976,559,0,480,187,0,309
18311996733670569136_5880_000_5900_000,9751,880,5330,1837,1643,590,351
18331713844982117868_2920_900_2940_900,1188,452,127,59,180,166,656
18380281348728758158_4820_000_4840_000,2583,725,262,1579,111,586,45
183829460855609442_430_000_450_000,24,24,24,0,0,0,0
18397511418934954408_620_000_640_000,60,41,0,8,0,52,0
18403940760739364047_920_000_940_000,6981,795,3116,605,1124,389,1747
18418533015310829002_480_000_500_000,0,0,0,0,0,0,0
18441113814326864765_725_000_745_000,1272,465,628,199,114,162,169
1857377326903987736_80_000_100_000,522,395,236,54,117,45,70
1863454917318776530_1040_000_1060_000,0,0,0,0,0,0,0
1887497421568128425_94_000_114_000,418,279,309,15,20,9,65
1891390218766838725_4980_000_5000_000,467,314,332,74,22,31,8
1907783283319966632_3221_000_3241_000,344,344,0,0,172,0,172
1918764220984209654_5680_000_5700_000,1726,506,125,99,335,793,374
1921439581405198744_1354_000_1374_000,359,220,113,96,9,126,15
1926967104529174124_5214_780_5234_780,355,143,234,0,72,26,23
1939881723297238689_6848_040_6868_040,595,226,65,318,9,203,0
1940032764689855266_3690_210_3710_210,0,0,0,0,0,0,0
1972128316147758939_2500_000_2520_000,324,199,324,0,0,0,0
1988987616835805847_3500_000_3520_000,4181,483,934,1,1859,0,1387
1994338527906508494_3438_100_3458_100,300,300,167,6,15,87,25
1999080374382764042_7094_100_7114_100,743,238,614,0,106,0,23
200287570390499785_2102_000_2122_000,1233,400,38,964,17,214,0
2025831330434849594_1520_000_1540_000,2808,421,2277,164,289,0,78
2036908808378190283_4340_000_4360_000,547,487,165,122,70,169,21
204421859195625800_1080_000_1100_000,6381,951,3794,457,1450,360,320
2064489349728221803_3060_000_3080_000,1497,398,1296,0,201,0,0
2075681641472425669_2635_000_2655_000,0,0,0,0,0,0,0
207754730878135627_1140_000_1160_000,308,194,0,308,0,0,0
2088865281951278665_4460_000_4480_000,974,650,198,96,183,497,0
2101027554826767753_2504_580_2524_580,488,215,320,54,23,48,43
2107164705125601090_3920_000_3940_000,5,5,0,0,0,0,5
2114574223307001959_1163_280_1183_280,1362,453,448,0,580,0,334
2151482270865536784_900_000_920_000,15067,995,4025,2762,3479,3455,1346
2206505463279484253_476_189_496_189,307,307,0,38,0,198,71
2209007584159204953_2200_000_2220_000,2310,708,1301,593,238,178,0
2217043033232259972_2720_000_2740_000,5371,781,2224,1413,398,781,555
2224716024428969146_1420_000_1440_000,6942,869,1582,2143,2229,794,194
2259324582958830057_3767_030_3787_030,16,16,0,0,0,16,0
2265177645248606981_2340_000_2360_000,7104,912,3781,691,881,917,834
2273990870973289942_4009_680_4029_680,172,172,135,0,27,0,10
2323851946122476774_7240_000_7260_000,2215,567,1460,245,302,208,0
2330686858362435307_603_210_623_210,417,199,191,0,154,0,72
2336233899565126347_1180_000_1200_000,0,0,0,0,0,0,0
2342300897175196823_1179_360_1199_360,160,115,138,10,0,12,0
2400780041057579262_660_000_680_000,4071,827,1433,215,1317,869,237
2415873247906962761_5460_000_5480_000,3798,456,3292,242,60,99,105
2475623575993725245_400_000_420_000,4896,636,2377,952,625,460,482
2508530288521370100_3385_660_3405_660,13,13,0,0,0,13,0
2547899409721197155_1380_000_1400_000,1220,490,522,136,278,205,79
2555987917096562599_1620_000_1640_000,2239,681,976,878,121,191,73
2570264768774616538_860_000_880_000,1359,517,596,118,320,30,295
2577669988012459365_1640_000_1660_000,7919,956,4406,311,2067,350,785
2581599794006798586_2440_000_2460_000,421,284,156,132,30,69,34
2590213596097851051_460_000_480_000,267,176,1,145,0,115,6
2598465433001774398_740_670_760_670,240,166,108,39,36,32,25
2607999228439188545_2960_000_2980_000,652,513,326,111,98,0,117
2618605158242502527_1860_000_1880_000,0,0,0,0,0,0,0
2656110181316327570_940_000_960_000,7310,771,3153,1388,1109,534,1126
2660301763960988190_3742_580_3762_580,172,128,97,34,0,13,28
2670674176367830809_180_000_200_000,54,54,15,26,0,13,0
2681180680221317256_1144_000_1164_000,0,0,0,0,0,0,0
268278198029493143_1400_000_1420_000,4107,910,1827,906,549,637,188
2684088316387726629_180_000_200_000,4137,640,2125,1029,40,854,89
2692887320656885771_2480_000_2500_000,0,0,0,0,0,0,0
2698953791490960477_2660_000_2680_000,150,150,136,0,0,0,14
2711351338963414257_1360_000_1380_000,2666,751,1498,535,258,375,0
2739239662326039445_5890_320_5910_320,587,171,403,95,0,32,57
2752216004511723012_260_000_280_000,1670,750,910,370,212,0,178
2791302832590946720_1900_000_1920_000,6845,884,1914,1215,1068,1685,963
2863984611797967753_3200_000_3220_000,958,489,560,217,75,106,0
2895681525868621979_480_000_500_000,1214,502,0,0,108,389,717
2899357195020129288_3723_163_3743_163,97,86,0,26,39,0,32
2899997824484054994_320_000_340_000,214,169,98,0,116,0,0
2919021496271356282_2300_000_2320_000,613,415,152,396,65,0,0
2922309829144504838_1840_000_1860_000,3373,829,1847,593,446,333,154
2935377810101940676_300_000_320_000,0,0,0,0,0,0,0
2961247865039433386_920_000_940_000,128,128,95,23,0,10,0
2974991090366925955_4924_000_4944_000,0,0,0,0,0,0,0
2975249314261309142_6540_000_6560_000,4292,844,1429,786,831,707,539
3002379261592154728_2256_691_2276_691,372,325,0,0,0,194,178
3031519073799366723_1140_000_1160_000,472,199,305,50,86,16,15
3060057659029579482_420_000_440_000,837,437,390,0,191,58,198
3068522656378006650_540_000_560_000,0,0,0,0,0,0,0
3078075798413050298_890_370_910_370,608,325,208,0,327,0,73
3112630089558008159_7280_000_7300_000,3344,621,1848,1068,217,118,93
3132521568089292927_2220_000_2240_000,0,0,0,0,0,0,0
3132641021038352938_1937_160_1957_160,521,290,228,29,139,11,114
3154510051521049916_7000_000_7020_000,4605,500,3454,76,1045,0,30
3156155872654629090_2474_780_2494_780,170,94,0,84,0,86,0
3194871563717679715_4980_000_5000_000,247,197,147,70,0,30,0
3195159706851203049_2763_790_2783_790,493,314,0,62,207,103,121
3220249619779692045_505_000_525_000,484,162,0,333,0,151,0
3224923476345749285_4480_000_4500_000,156,90,0,26,0,36,94
3247914894323111613_1820_000_1840_000,5779,870,1677,2360,1369,185,188
3270384983482134275_3220_000_3240_000,161,161,0,0,70,0,91
3276301746183196185_436_450_456_450,842,282,0,0,442,29,371
33101359476901423_6720_910_6740_910,469,297,214,21,169,24,41
3338044015505973232_1804_490_1824_490,552,327,131,76,49,251,45
3363533094480067586_1580_000_1600_000,0,0,0,0,0,0,0
3364861183015885008_1720_000_1740_000,75,75,0,49,0,26,0
3375636961848927657_1942_000_1962_000,454,352,269,40,0,145,0
3385534893506316900_4252_000_4272_000,881,517,27,210,279,248,117
3390120876390766963_2300_000_2320_000,7115,874,1758,713,2147,797,1700
3417928259332148981_7018_550_7038_550,1275,590,392,194,689,0,0
3418007171190630157_3585_530_3605_530,402,253,254,0,58,0,90
3425716115468765803_977_756_997_756,125,90,0,0,29,0,96
3437741670889149170_1411_550_1431_550,544,165,394,84,0,66,0
3441838785578020259_1300_000_1320_000,6845,594,4810,1717,0,318,0
3451017128488170637_5280_000_5300_000,840,197,840,0,0,0,0
3461228720457810721_4511_120_4531_120,984,425,159,20,189,0,616
3461811179177118163_1161_000_1181_000,685,290,285,105,0,295,0
3490810581309970603_11125_000_11145_000,0,0,0,0,0,0,0
3504776317009340435_6920_000_6940_000,0,0,0,0,0,0,0
3543045673995761051_460_000_480_000,1661,398,1363,298,0,0,0
3555170065073130842_451_000_471_000,0,0,0,0,0,0,0
3563349510410371738_7465_000_7485_000,32,25,0,13,0,19,0
3584210979358667442_2880_000_2900_000,5788,613,4923,46,513,0,306
3591015878717398163_1381_280_1401_280,137,76,118,0,14,0,5
3617043125954612277_240_000_260_000,5,5,0,5,0,0,0
3635081602482786801_900_000_920_000,3334,905,1634,1099,241,210,150
3644145307034257093_3000_400_3020_400,1009,277,505,368,6,77,53
3657581213864582252_340_000_360_000,49,49,0,49,0,0,0
3665329186611360820_2329_010_2349_010,0,0,0,0,0,0,0
3698685523057788592_4303_630_4323_630,1471,397,983,77,225,67,119
3711598698808133144_2060_000_2080_000,270,131,111,0,44,47,68
384975055665199088_4480_000_4500_000,2506,528,1132,1244,99,31,0
3872781118550194423_3654_670_3674_670,0,0,0,0,0,0,0
3894883757914505116_1840_000_1860_000,172,146,92,21,0,59,0
3908622028474148527_3480_000_3500_000,112,112,93,0,12,0,7
3911646355261329044_580_000_600_000,11771,929,3534,1254,4109,1841,1033
3919438171935923501_280_000_300_000,108,75,21,0,64,0,23
3927294516406132977_792_740_812_740,125,125,80,0,26,0,19
3928923269768424494_3060_000_3080_000,0,0,0,0,0,0,0
3966447614090524826_320_000_340_000,128,128,79,49,0,0,0
3988957004231180266_5566_500_5586_500,258,135,190,0,49,0,19
4013698638848102906_7757_240_7777_240,1891,525,764,0,546,32,549
4017824591066644473_3000_000_3020_000,11904,858,4723,3954,1100,1711,416
4058410353286511411_3980_000_4000_000,171,171,70,75,17,0,9
4114454788208078028_660_000_680_000,20784,966,4574,7742,1819,4400,2249
4114548607314119333_2780_000_2800_000,88,88,0,16,0,72,0
4138614210962611770_2459_360_2479_360,322,102,223,0,75,0,24
4164064449185492261_400_000_420_000,796,387,501,65,52,42,136
4167304237516228486_5720_000_5740_000,13744,988,8424,2234,1618,442,1026
4191035366928259953_1732_708_1752_708,0,0,0,0,0,0,0
4266984864799709257_720_000_740_000,57,57,39,0,18,0,0
4277109506993614243_1648_000_1668_000,20,20,0,0,20,0,0
4292360793125812833_3080_000_3100_000,10377,972,3720,2747,904,1121,1885
4295449061847708198_3769_000_3789_000,366,304,139,83,34,94,16
4305539677513798673_2200_000_2220_000,45,23,0,17,0,28,0
4323857429732097807_1005_000_1025_000,852,461,281,77,159,51,284
4324227028219935045_1520_000_1540_000,8772,942,5300,932,1550,335,655
4337887720320812223_1857_930_1877_930,189,166,136,0,43,0,10
4348478035380346090_1000_000_1020_000,8402,932,2717,1504,1939,923,1319
4380865029019172232_480_000_500_000,300,179,0,0,128,0,172
4384676699661561426_1662_670_1682_670,33,33,0,0,0,0,33
4392459808686681511_5006_200_5026_200,0,0,0,0,0,0,0
4414235478445376689_2020_000_2040_000,849,507,509,137,154,14,35
4427374597960783085_4168_000_4188_000,0,0,0,0,0,0,0
4447423683538547117_536_022_556_022,670,189,670,0,0,0,0
4457475194088194008_3100_000_3120_000,118,62,0,0,115,0,3
4458730539804900192_535_000_555_000,1806,681,707,358,33,465,243
4468278022208380281_455_820_475_820,1027,435,249,291,13,471,3
4487677815262010875_4940_000_4960_000,7181,897,3680,1480,1261,466,294
4537254579383578009_3820_000_3840_000,20,20,0,0,9,0,11
4546515828974914709_922_040_942_040,0,0,0,0,0,0,0
454855130179746819_4580_000_4600_000,18692,943,4785,2331,5014,1555,5007
4575961016807404107_880_000_900_000,2396,955,1359,316,244,286,191
4604173119409817302_2820_000_2840_000,128,58,33,67,0,28,0
4641822195449131669_380_000_400_000,7565,863,3675,1425,1385,528,552
4655005625668154134_560_000_580_000,5648,799,2168,1546,1338,398,198
4672649953433758614_2700_000_2720_000,1649,589,961,491,197,0,0
4702302448560822815_927_380_947_380,4107,954,1668,264,589,493,1093
4723255145958809564_741_350_761_350,413,227,62,0,215,0,136
4733704239941053266_960_000_980_000,10175,947,3459,1362,3039,1115,1200
473735159277431842_630_095_650_095,321,198,239,0,0,82,0
4747171543583769736_425_544_445_544,869,263,314,327,0,228,0
4781039348168995891_280_000_300_000,3186,495,2160,0,261,0,765
4784689467343773295_1700_000_1720_000,8036,748,4142,1108,780,1020,986
4808842546020773462_2310_000_2330_000,45,45,0,0,31,0,14
4880464427217074989_4680_000_4700_000,397,307,276,51,0,70,0
4898453812993984151_199_000_219_000,172,97,123,0,24,14,11
4916527289027259239_5180_000_5200_000,966,396,768,198,0,0,0
4931036732523207946_10755_600_10775_600,32,32,0,0,0,32,0
4960194482476803293_4575_960_4595_960,240,229,137,44,16,43,0
4967385055468388261_720_000_740_000,305,279,175,0,107,0,23
4971817041565280127_780_500_800_500,410,147,300,0,69,0,41
4986495627634617319_2980_000_3000_000,7043,771,4955,285,899,0,904
5005815668926224220_2194_330_2214_330,1377,488,531,424,0,265,157
5065468048522043429_2080_000_2100_000,9,3,0,0,0,0,9
5072733804607719382_5807_570_5827_570,371,161,326,0,32,0,13
5076950993715916459_3265_000_3285_000,0,0,0,0,0,0,0
5083516879091912247_3600_000_3620_000,6819,848,2933,1935,739,661,551
5100136784230856773_2517_300_2537_300,997,395,96,215,103,554,29
5121298817582693383_4882_000_4902_000,0,0,0,0,0,0,0
5127440443725457056_2921_340_2941_340,728,193,708,20,0,0,0
5129792222840846899_2145_000_2165_000,18,9,0,0,0,18,0
5144634012371033641_920_000_940_000,4889,991,1391,1764,662,873,199
514687114615102902_6240_000_6260_000,520,167,0,186,17,297,20
5189543236187113739_2929_000_2949_000,0,0,0,0,0,0,0
5200186706748209867_80_000_100_000,34,31,0,20,14,0,0
5214491533551928383_1918_780_1938_780,63,63,63,0,0,0,0
5215905243049326497_20_000_40_000,2297,706,1355,184,238,207,313
5222336716599194110_8940_000_8960_000,2119,312,499,304,59,823,434
5268267801500934740_2160_000_2180_000,10432,952,3576,2193,1480,2745,438
5328596138024684667_2180_000_2200_000,258,212,139,74,0,45,0
5349843997395815699_1040_000_1060_000,8197,887,6578,428,697,266,228
5423607012724948145_3900_000_3920_000,2746,570,454,233,311,395,1353
54293441958058219_2335_200_2355_200,161,161,0,0,99,0,62
5446766520699850364_157_000_177_000,960,427,511,220,0,198,31
5451442719480728410_5660_000_5680_000,2817,409,2332,256,93,21,115
5458962501360340931_3140_000_3160_000,6077,925,2284,1028,544,1691,530
5459113827443493510_380_000_400_000,0,0,0,0,0,0,0
5468483805452515080_4540_000_4560_000,400,278,293,11,53,7,36
5495302100265783181_80_000_100_000,187,170,39,129,0,19,0
550171902340535682_2640_000_2660_000,8880,723,3808,140,1610,35,3287
5525943706123287091_4100_000_4120_000,1328,578,199,169,11,949,0
5526948896847934178_1039_000_1059_000,946,489,137,106,115,571,17
5572351910320677279_3980_000_4000_000,105,105,61,0,26,0,18
5576800480528461086_1000_000_1020_000,8844,832,3836,2043,1538,983,444
5592790652933523081_667_770_687_770,426,280,257,27,74,57,11
5602237689147924753_760_000_780_000,7744,798,2427,3414,1373,510,20
5614471637960666943_6955_675_6975_675,1271,270,221,580,57,306,107
5691636094473163491_6889_470_6909_470,425,219,331,66,0,21,7
5707035891877485758_2573_000_2593_000,73,73,7,0,0,0,66
57132587708734824_1020_000_1040_000,9371,887,5026,1080,1615,633,1017
5718418936283106890_1200_000_1220_000,8331,818,3238,1260,1289,978,1566
5731414711882954246_1990_250_2010_250,0,0,0,0,0,0,0
574762194520856849_1660_000_1680_000,503,189,503,0,0,0,0
575209926587730008_3880_000_3900_000,0,0,0,0,0,0,0
580580436928611523_792_500_812_500,181,59,0,0,106,0,75
5835049423600303130_180_000_200_000,7263,750,4517,918,1424,190,214
5846229052615948000_2120_000_2140_000,8629,915,2225,1811,3316,472,805
5861181219697109969_1732_000_1752_000,0,0,0,0,0,0,0
5870668058140631588_1180_000_1200_000,12465,974,3146,2191,3015,2993,1120
5871373218498789285_3360_000_3380_000,171,171,69,69,12,16,5
5973788713714489548_2179_770_2199_770,394,225,168,101,92,27,6
6037403592521973757_3260_000_3280_000,13005,985,5442,2185,2235,1985,1158
6038200663843287458_283_000_303_000,0,0,0,0,0,0,0
6104545334635651714_2780_000_2800_000,613,352,459,154,0,0,0
6128311556082453976_2520_000_2540_000,942,418,206,0,313,0,423
6142170920525844857_2080_000_2100_000,43,41,0,24,0,19,0
6148393791213790916_4960_000_4980_000,0,0,0,0,0,0,0
6150191934425217908_2747_800_2767_800,161,142,71,7,24,0,59
616184888931414205_2020_000_2040_000,10284,926,4818,3302,978,972,214
6172160122069514875_6866_560_6886_560,288,179,282,0,6,0,0
6177474146670383260_4200_000_4220_000,10904,936,2971,2142,2000,2018,1773
6193696614129429757_2420_000_2440_000,74,41,0,5,0,69,0
6207195415812436731_805_000_825_000,0,0,0,0,0,0,0
6229371035421550389_2220_000_2240_000,1148,468,873,60,88,0,127
6234738900256277070_320_000_340_000,853,414,407,208,10,81,147
6242822583398487496_73_000_93_000,219,215,31,0,54,35,99
6280779486809627179_760_000_780_000,14966,964,4492,1896,3982,539,4057
6290334089075942139_1340_000_1360_000,9758,844,4733,1876,1542,656,951
6303332643743862144_5600_000_5620_000,468,263,285,88,29,44,22
634378055350569306_280_000_300_000,3806,552,3031,146,565,64,0
6350707596465488265_2393_900_2413_900,368,279,88,145,0,135,0
6378340771722906187_1120_000_1140_000,6721,915,2669,706,1107,1203,1036
6386303598440879824_1520_000_1540_000,0,0,0,0,0,0,0
6390847454531723238_6000_000_6020_000,334,165,0,0,0,92,242
6410495600874495447_5287_500_5307_500,215,124,81,90,0,44,0
6417523992887712896_1180_000_1200_000,276,163,122,0,108,0,46
6433401807220119698_4560_000_4580_000,1199,322,749,0,28,201,221
6456165750159303330_1770_080_1790_080,2239,602,535,242,342,274,846
6559997992780479765_1039_000_1059_000,25,25,25,0,0,0,0
6561206763751799279_2348_600_2368_600,483,252,337,40,60,28,18
6606076833441976341_1340_000_1360_000,1429,466,738,0,563,0,128
6625150143263637936_780_000_800_000,39,39,0,0,0,19,20
6638427309837298695_220_000_240_000,1025,472,210,694,0,121,0
6674547510992884047_1560_000_1580_000,2158,751,867,829,174,153,135
6694593639447385226_1040_000_1060_000,0,0,0,0,0,0,0
6722602826685649765_2280_000_2300_000,10242,964,2813,1706,3833,295,1595
6740694556948402155_3040_000_3060_000,7676,894,4321,728,1453,473,701
6742105013468660925_3645_000_3665_000,224,134,4,0,122,32,66
6763005717101083473_3880_000_3900_000,1061,467,71,0,773,217,0
6771783338734577946_6105_840_6125_840,732,411,352,281,17,40,42
6771922013310347577_4249_290_4269_290,576,160,290,286,0,0,0
6791933003490312185_2607_000_2627_000,130,117,0,0,60,32,38
6792191642931213648_1522_000_1542_000,47,47,0,0,0,0,47
6799055159715949496_2503_000_2523_000,31,12,0,0,0,31,0
6813611334239274394_535_000_555_000,0,0,0,0,0,0,0
6814918034011049245_134_170_154_170,450,261,213,0,112,0,125
6904827860701329567_960_000_980_000,736,438,359,138,0,211,28
6935841224766931310_2770_310_2790_310,0,0,0,0,0,0,0
7000927478052605119_1052_330_1072_330,7,7,7,0,0,0,0
7007702792982559244_4400_000_4420_000,905,516,269,51,87,309,189
7019385869759035132_4270_850_4290_850,605,304,0,83,411,0,111
7038362761309539946_4207_130_4227_130,1700,219,291,346,340,723,0
7089765864827567005_1020_000_1040_000,0,0,0,0,0,0,0
7101099554331311287_5320_000_5340_000,3191,921,230,1083,356,396,1126
7120839653809570957_1060_000_1080_000,6560,794,4412,901,842,141,264
7187601925763611197_4384_300_4404_300,61,43,0,28,0,33,0
7189996641300362130_3360_000_3380_000,147,147,89,44,0,14,0
7239123081683545077_4044_370_4064_370,142,90,73,0,47,0,22
7290499689576448085_3960_000_3980_000,11373,866,7084,1446,1085,993,765
7313718849795510302_280_000_300_000,76,37,0,0,0,76,0
7324192826315818756_620_000_640_000,1294,506,767,142,106,204,75
7331965392247645851_1005_940_1025_940,469,154,174,0,198,0,97
7344536712079322768_1360_000_1380_000,5009,796,3765,411,355,478,0
7373597180370847864_6020_000_6040_000,31,31,14,0,11,0,6
744006317457557752_2080_000_2100_000,188,183,161,0,27,0,0
7440437175443450101_94_000_114_000,242,203,118,27,30,17,50
7447927974619745860_820_000_840_000,9199,890,1181,1172,870,1230,4746
7458568461947999548_700_000_720_000,1710,529,772,241,258,238,201
7466751345307077932_585_000_605_000,166,130,0,0,32,53,81
7517545172000568481_2325_000_2345_000,310,220,0,0,54,147,109
7543690094688232666_4945_350_4965_350,312,136,259,0,37,0,16
7554208726220851641_380_000_400_000,67,60,0,0,38,0,29
7566697458525030390_1440_000_1460_000,18448,965,9428,2748,4249,1136,887
759208896257112298_184_000_204_000,189,158,49,30,0,69,41
7643597152739318064_3979_000_3999_000,188,185,176,0,0,0,12
7670103006580549715_360_000_380_000,759,523,389,160,36,95,79
7727809428114700355_2960_000_2980_000,810,407,308,142,123,127,110
7741361323303179462_1230_310_1250_310,173,75,0,0,6,0,167
7761658966964621355_1000_000_1020_000,11141,923,5249,2796,2364,248,484
7768517933263896280_1120_000_1140_000,3006,713,1108,503,458,697,240
7799671367768576481_260_000_280_000,172,139,23,149,0,0,0
7837172662136597262_1140_000_1160_000,1722,396,1021,301,29,195,176
7850521592343484282_4576_090_4596_090,0,0,0,0,0,0,0
7861168750216313148_1305_290_1325_290,375,257,317,0,48,0,10
786582060300383668_2944_060_2964_060,319,193,2,115,0,202,0
7885161619764516373_289_280_309_280,1725,345,1403,154,47,94,27
7890808800227629086_6162_700_6182_700,1283,546,489,610,49,0,135
7912728502266478772_1202_200_1222_200,894,326,168,150,130,446,0
7920326980177504058_2454_310_2474_310,0,0,0,0,0,0,0
7921369793217703814_1060_000_1080_000,4874,824,2347,258,383,549,1337
7934693355186591404_73_000_93_000,1362,489,360,466,0,536,0
7940496892864900543_4783_540_4803_540,175,175,86,29,12,20,28
7950869827763684964_8685_000_8705_000,0,0,0,0,0,0,0
7996500550445322129_2333_304_2353_304,0,0,0,0,0,0,0
7999729608823422351_1483_600_1503_600,614,409,248,145,33,144,44
8031709558315183746_491_220_511_220,657,431,104,92,405,0,56
80599353855279550_2604_480_2624_480,76,52,0,0,36,0,40
809159138284604331_3355_840_3375_840,211,124,147,38,9,13,4
8099457465580871094_4764_380_4784_380,181,181,123,0,18,0,40
8120716761799622510_862_120_882_120,494,186,370,0,85,0,39
8123909110537564436_7220_000_7240_000,1290,340,945,266,19,39,21
8126606965364870152_985_090_1005_090,206,112,150,40,0,16,0
8148053503558757176_4240_000_4260_000,3240,915,1514,119,719,453,435
8158128948493708501_7477_230_7497_230,245,130,146,67,0,32,0
8207498713503609786_3005_450_3025_450,4539,660,1262,1918,144,1096,119
8222208340265444449_1400_000_1420_000,6886,981,1334,2851,1017,1094,590
8323028393459455521_2105_000_2125_000,0,0,0,0,0,0,0
8327447186504415549_5200_000_5220_000,419,276,199,200,20,0,0
8345535260120974350_1980_000_2000_000,224,206,151,0,25,0,48
8399876466981146110_2560_000_2580_000,0,0,0,0,0,0,0
8424573439186068308_3460_000_3480_000,12640,994,4881,2172,3462,361,1764
8454755173123314088_3202_000_3222_000,0,0,0,0,0,0,0
8487809726845917818_4779_870_4799_870,847,402,585,86,82,36,58
8494653877777333091_540_000_560_000,173,119,123,0,21,0,29
8513241054672631743_115_960_135_960,2133,643,424,676,140,829,64
8543158371164842559_4131_530_4151_530,129,62,0,4,83,0,42
857746300435138193_1869_000_1889_000,273,220,123,24,8,114,4
8582923946352460474_2360_000_2380_000,5613,747,2536,823,482,784,988
8603916601243187272_540_000_560_000,2946,962,1377,696,408,267,198
8633296376655504176_514_000_534_000,0,0,0,0,0,0,0
8659567063494726263_2480_000_2500_000,2,2,0,0,0,2,0
8663006751916427679_1520_000_1540_000,3955,787,2678,189,333,71,684
8700094808505895018_7272_488_7292_488,833,278,140,0,622,0,71
8722413665055769182_2840_000_2860_000,2401,420,351,1107,13,922,8
8745106945249251942_1207_000_1227_000,102,59,0,0,7,0,95
8763126149209091146_1843_320_1863_320,1468,453,625,526,0,317,0
8796914080594559459_4284_170_4304_170,379,253,259,91,0,24,5
8806931859563747931_1160_000_1180_000,0,0,0,0,0,0,0
8811210064692949185_3066_770_3086_770,206,107,108,58,0,40,0
8822503619482926605_1080_000_1100_000,12884,895,4637,1130,3240,1951,1926
8859409804103625626_2760_000_2780_000,4510,811,2152,962,590,490,316
8938046348067069210_3800_000_3820_000,235,204,218,8,0,9,0
8965112222692085704_4860_000_4880_000,878,490,199,500,0,179,0
898816942644052013_20_000_40_000,8,8,0,0,0,8,0
9015546800913584551_4431_180_4451_180,205,142,145,0,15,33,12
9016865488168499365_4780_000_4800_000,6443,826,3005,1699,1047,329,363
9058545212382992974_5236_200_5256_200,494,289,93,232,0,136,33
9062286840846668802_31_000_51_000,27,27,0,0,16,11,0
9105380625923157726_4420_000_4440_000,461,368,198,75,119,19,50
9110125340505914899_380_000_400_000,1861,438,834,221,467,0,339
9123867659877264673_3569_950_3589_950,261,177,99,14,50,60,38
912496333665446669_1680_000_1700_000,650,378,272,185,31,162,0
913274067754539885_913_000_933_000,27,25,0,0,6,0,21
9142545919543484617_86_000_106_000,309,282,0,50,81,142,36
915935412356143375_1740_030_1760_030,1194,217,585,0,411,0,198
9175749307679169289_5933_260_5953_260,1383,441,678,98,282,262,63
9179922063516210200_157_000_177_000,83,66,0,23,8,18,34
9250355398701464051_4166_132_4186_132,2091,615,666,831,306,0,288
9288629315134424745_4360_000_4380_000,73,73,0,33,0,40,0
9295161125729168140_1270_000_1290_000,0,0,0,0,0,0,0
9311322119128915594_5285_000_5305_000,397,162,397,0,0,0,0
9320169289978396279_1040_000_1060_000,1052,369,784,128,0,116,24
9325580606626376787_4509_140_4529_140,783,193,236,438,0,109,0
9334364225104959137_661_000_681_000,329,290,71,0,0,170,88
9350921499281634194_2403_251_2423_251,0,0,0,0,0,0,0
9385013624094020582_2547_650_2567_650,529,247,392,85,4,33,15
9415086857375798767_4760_000_4780_000,14387,911,4954,1790,4539,1293,1811
9465500459680839281_1100_000_1120_000,639,422,410,37,0,192,0
9509506420470671704_4049_100_4069_100,36,36,0,0,0,17,19
9521653920958139982_940_000_960_000,10009,796,2687,2470,2154,0,2698
9529958888589376527_640_000_660_000,6185,813,2084,941,823,1273,1064
9547911055204230158_1567_950_1587_950,5192,936,818,1147,1637,686,904
9568394837328971633_466_365_486_365,0,0,0,0,0,0,0
9653249092275997647_980_000_1000_000,10597,942,6580,1458,1460,669,430
9654060644653474834_3905_000_3925_000,9,9,0,0,0,0,9
9696413700515401320_1690_000_1710_000,200,200,0,18,74,13,95
972142630887801133_642_740_662_740,718,309,547,52,44,20,55
9747453753779078631_940_000_960_000,6698,974,1373,897,1981,742,1705
9758342966297863572_875_230_895_230,128,73,0,0,0,128,0
9820553434532681355_2820_000_2840_000,6820,916,2902,2026,718,801,373
9907794657177651763_1126_570_1146_570,1865,756,335,236,780,71,443
990914685337955114_980_000_1000_000,6020,828,1286,841,1105,1468,1320
9985243312780923024_3049_720_3069_720,136,136,16,0,0,0,120
